gisaid_id,host,country,date,sequence_trimmed
EPI101477,chicken,Hebei,2005,LLSRINHFEKIQIIPKSSWSDHGASSGVSSACSYLGKPSFFRNVVWLIKKNNTYPPIKVSYNNTNQEDLLVLWGIHHPNDEAEQIKIYQNPTTYISVGTSTLNQRLVPKIATRSKVNGQSGRMEFFWTILKPNDAINFDSNGNFIAPEYAYKIVKKGDS
EPI101843,duck,Viet_Nam,2005,LLSRINHFEKIQIIPKSSWSNHDASSGVSSACPYLGRSSFFRNVVWLIKKNSTYPTIKRSYNNTNQEDLLVLWGIHHPNDAAEQTKLYQNPTTYISVGTSTLNQRLVPEIATRPKVNGQSGRMEFFWTILKPNDAINFESNGNFIAPEYAYKIVKKGDS
EPI101875,duck,Vietnam,05,LLSRINHFEKIQIIPKSSWSNHDASSGVSSACPYLGRSSFFRNVVWLIKKNSTYPTIKRSYNNTNQEDLLVLWGIHHPNDAAEQTKLYQNPTTYISVGTSTLNQRLVPEIATRPKVNGQSGRMEFFWTILKPNDAINFESNGNFIAPEYAYKIVKKGDS
EPI105698,chicken,Mahachkala,2006,LLSRINHFEKIQIIPKSSWSDHEASSGVSSACPYQGRSSFFRNVVWLIKKNNAYPTIKRSYNNTNQEDLLVLWGIHHPNDAAEQTRLYQNPTTYISVGTSTLNQRLVPKIATRSKVNGQSGRMEFFWTILKPNDAINFESNGNFIAPENAYKIVKKGDS
EPI107813,chicken,Guiyang,2006,LLSRINHFEKIQIIPKSSWPNHEASLGVSSACPYLGESSFFRNVVWLIKKNSSYPTIKRSYNNTNQEDLLVLWGIHHPNDAAEQIKLYQNPNTYISVGTSTLNQRLVPTIATRSKVNGQSGRMEFFWTILKPNDTINFESNGNFIAPEYAYKIVKKGDS
EPI107843,goose,Shantou,2006,LLSRINHFEKIQIIPKSSWSDHEASSGVSAACPYQGKSSFFRNVVWLIKKNSAYPTIKRSYNNTNQEDLLVLWGIHHPNDAAEQTRLYQNPTTYISVGTSTLNQRLMPKIATRSRINGQRGRMEFFWTILKPNDAINFESNGNFIAPEYAYKIVKKGDS
EPI109421,chicken,Thailand,2006,LLSRINHFEKIQIIPKSSWSDHEASSGVSSACPYQGTPSFFRNVVWLIKKNNTYPTIKRSYNNTNQEDLLILWGIHHSNDAAEQTKLYQRPTTYISVGTSTLNQRLVPKIHTRSKVNGQSGRMDFFWTMLKPNDAINFESNGNFIAPEYAYKIVKKGDS
EPI1156382,mallard,France,2015,LLSSTNHFEKIRIIPRDSWSNHDASSGVSSACPYNGRSSFFRNVVWLIKKNNAYPTIKRSYNNTNQEDLLVLWGVHHPNDAAEQTKLYQNPTTYVSVGTSTLNQRSTPEIATRPRVNGQSGRMTFFWTILKPNDAINFESNGNFIAPEYAYKIVKKGDS
EPI1158808,chicken,Anhui,2014,LLSRINHFEKTLIIPKSSWPDHETSLGVSAACPYQGMPSFFRNVVWLIKKNDTYPTIKMSYNNTNREDLLILWGIHHSNNAAEQTNLYKNPTTYVSVGTSTLNQRLVPKIATRSQVNGQRGRMDFFWTILKPNDAIHFESNGNFIAPEYAYKIVKKGDS
EPI116497,goose,Viet_Nam,2001,LLSRINHFEKIQIIPKSSWSNHEASSGVSSACPYQGKPSFFRNVVWLIKKNSAYPTIKRSYNNTNQEDLLVLWGIHHPNNEAEQTELYQNPTTYISVGTSTLNQRLVPKIATRSKVNGQSGRMEFFWTILKPNDAINFESNGNFIAPEYAYKIVKKGDS
EPI123402,chicken,Vietnam,2005,LLSRINHFEKIQIIPKSSWSDHEASLGVSSACPYQGNSSFFRNVVWLIKKNDAYPTIKRSYNNTNQEDLLVLWGIHHPNDEAEQTRLYQNPTTYVSIGTSTLNQRLVPKIATRSKVNGQSGRIDFFWTILKPNDAINFESNGNFITPEYAYKIVKKGDS
EPI125662,chicken,Egypt,2007,LFSRINHFEKIQIIPKNCWSDHEASGVSSACPYQGRSSFFRNVVWLTKKDNAYPTIKRSYNNTNQEDLLVLWGIHHPNDAAEQTRLYQNPTTYISVGTSTLNQRLVPKIATRSKVNGQSGRMEFFWTILKSNDAINFESNGNFIAPENAYKIVKKGDS
EPI127738,chicken,Egypt,2007,LLSRINHFEKIQIIPNSSWSDHEASSGVSSACPYQGSPSFFRNVVWLIKKDNAYPTIKKSYNNTNQEDLLVLWGIHHPNNAEEQTMLYQNPTTYISVGTSTLNQRLVPKIATRSKINGQSGRIEFFWTILKSNDAINFESNGNFIAPENAYKIVKKGDS
EPI1303228,chicken,Egypt,2011,LLSRINRFEKIQIIPKNSWSBHEASGXSSACPYQGRSSFFRNXVWXTKKNNTYPTIKKSYHNINKEDLLVLWGIHHPNDEEEQIRIYKNPTTYISVGTSTLNQKLVPKIATRSKVNGQSGRMEFFWTILKSNDAINFESNGNFIAPENAYKIVKKGDS
EPI1328383,Vietnam,481-97,1997,LLSRINHFEKIQIIPKSSWSNHDASSGVSSACPYLGRSSFFRNVVWLIKKNSAYPTIKRSYNNTNQEDLLVLWGIHHPNDAAEQIKLYQNPTSYISVGTSTLNQRLVPEIATRPKVNGQSGRMEFFWTILKPNDAINFESNGNFIAPEYAYKIVKKGDS
EPI1381432,Chicken,Egypt,2017,LLSRINHFEKIQIIPKESWSDHDASGVSSACPYQGKSSFFRNVVWLTKKNDAYPTIKKSYNNTNQEDLLVLWGIHHPNDAAEQTKLYQNPNTYISVGTSTLNQRLVPKIATRSKVNGQSGRMEFFWTILKSNDAINFESNGNFIAPENAYKIVKKGDS
EPI1517056,duck,Jiangxi,2011,LLSRINHFEKIRIFPKSSWPDHESSLGVSAACPYQGMPSFFRNVVWLIKKNNTYPTIRSNYNNTNKEDLLILWGIHHSNNEAEQTDLYQNSNTYISVGTSTLNQRLVPKIATRSKVNGQSGRMDFFWTILKPNDAINFESNGNFIAPEYAYKIVKKGDS
EPI1536787,duck,Jilin,2013,LLSRINHFEKIQIIPKSSWSDHEASSGVSSACPYQGTPSFFKIVVWLIKKNNTYPTINRSYNTTNHENLLILWGIHHSNDAAEKIKLYQHPTTYISVGTSTLHHILVPKITTISTVNGQSERMDFFWTILTPNDAINFESNGNFIAPEYAYKIVKEGDS
EPI1552374,Mallard_duck,New_Zealand,2008,LMSSTNHFEKIQIIPRSSWSNHDASSGVSSACPYNGRSSFFRNVVWLIKKNNAYPTIKRTYNNTNIEDLLILWGIHHPNDAAEQTQLYQNSNTYVSVGTSTLNQRLIPEIATRPKVNGQSGRMEFFWTILKPNDAISFESNGNFIAPEYAYKIVKRGDS
EPI1650,duck,Hokkaido,04,LLSSTNHFEKIQIIPRSSWSDHDASSGVSSACPYNGRSSFFRNVVWLIKKNNAYPTIKRNYNNTNQEDLLVLWGIHHPNDATEQTKLYQNPTTYVSVGTSTLNQRSVPEIATRPKVNGQSGRIEFFWTILKPNDAINFESNGNFIAPEYAYKIAKKGDS
EPI167553,Muscovy_duck,Vietnam,2007,LLSRINHFEKIQIIPKSSWPSHEASLGVSAACPYQGKSSFFRNVVWLIKKSSTYPTIKRSYNNTNQEDLLVMWGIHHPIDAAEQTKLYLRPTTYISVGTSTLNQRLTQRIATRTKVKGQSGRMVFFWTILKPNDAIKFESNGIFIAPEYAYKIVKKGDS
EPI167665,duck,Vietnam,2007,LLSRINHFEKIQIIPKSSWSXHEASLGVSAACPYQGXSXFFRNVVWLIKKNSTYPTIKRSYNNTNQEDLLIMWGXHHXNDAAEQTKLYQNPTXYISVGTSTLNQRLTPRIXTRSKVNGQSXRMEFFWTILKPNDAINFESXGNFIAPEYAYKIVKKGDS
EPI168674,chicken,Hebei,2005,LLSRINHLEKIKIIPKSFWSNHEVSSGVSSACSYLEKPSFFRNVVWLIKKNNTYPPIKVNYTNTNQEDLLVLWGIHHPNDEAEQIKVYQNPTTYISVGTSTLNQRLVPKIATRSKVNGQSGRMEFFWTILKPNDAINFDSNGNSIAPEYAYKIVKKGDS
EPI1694134,chicken,Denmark,2020,LLSSTNHFEKIRIIPRDSWPNHDASSGVSSACPYNGRSSFFRNVVWLIKKSNAYPTIKRSYNNTNQEDLLVLWGIHHPNNAAEQTQLYQNSITYVSVGTSTLNLRSAPEIATRPKVNGQSGRMEFFWTILKPNDVINFESNGNFIAPEYAYKIVKKGDS
EPI1772163,mink,Eastern_China,2018,LLSRINHFEKTQIIPKRSWSNHTSSGVSAACPYQGVASFFRNVVWLTKKNDAYPTIKMSYNNTNKEDLLILWGIHHSNSAEEQTNLYKNPTTYVSIGTSTLNQRLVPKIATRSQVNGQRGRMDFFWTIVRPNDAIHFESNGNFIAPEYAYKIIKTGDS
EPI1887774,turkey,Bangladesh,2019_(H5N1),LLSRINHFEKIRIIPKDSWSDHEASLGVSAACPYQGNSSFFRNVVWLIKKNNAYPTIKKSYNNTNQEDLLILWGIHHPNDEAEQTRLYQNPTTYISIGTSTLNQRLVPKIATRSKINGQSGRIDFFWTILKPNDAIHFESNGNFIAPEYAYKIVKKGDS
EPI1947325,turkey,Italy,2021,LLSSTNHFEKIQIIPRSSWSNHDASSGVSSACPYYNGRSSFFRNVVWLIKKNNAYPTIKRSYNNTNQEDLLVLWGIHHPNDAAEQXKLYQNPTTYVSVGTSTLNQRSVPEIATRPKVNGQSGRMEFFWTILKPNDAINFESNGNFIAPEYAYKIVKKGDS
EPI1989697,Chicken,Myanmar,2006,LLSRINHFEKIQIFPKSSWANHEASLGVSSACPYLEKPSFFRNVVWLIKKNNTYPTIKKSYNNTNQEDLLVLWGIHHPNDAAEQIKLYQNPTTYISVGTSTLNQRLVPKIATRSKVNGQSGRMEFFWTILKPNDAINFDSNGNFIAPEYAYKIVKKGDS
EPI1989804,Duck,Tabanan,2005,LLSRINHFEKIQIIPKSSWSDHEASLGVSSACPYQGQSSFFRNVVWLIKKNSAYPTIKRSYNNTNQEDLLVLWGIHHPNDAAEQTKLYQNPTTYISVGTSTLNQRLVPKIATRSKVNGQSGRMEFFWTILKPNDAINFESNGNFIAPEYAYKIVKKGDS
EPI1990120,Turkey,12,2006,LLSRINHFEKIQIIPKSSWSDHEASSGVSSACPYQGRSSFFRNVVWLIKKDNAYPTIKRSYNNTNQEDLLVLWGIHHPNDAAEQTRLYQNPTTYISVGTSTLNQRLVPKIATRSKVNGQNGRMEFFWTILKPNDAINFESNGNFIAPENAYKIVKKGDS
EPI2017747,chicken,Botswana,2021,LLSRINHFEKILIIPKSSWPNHETSLGVSAACPYQGAPSFFRNVVWLIKKNDAYPTIKISYNNTNREDLLILWGIHHSNNAEEQTNLYKNPTTYISVGTSTLNQRLVPKIATRSQVNGQRGRMDFFWTILKPDDAIHFESNGNFIAPEYAYKIVKKGDS
EPI2017755,chicken,Botswana,2021,LLSRINHFEKILIIPKSSWPNHETSLGVSAACPYQGAPSFFRNVVWLIKKNDAYPTIKISYNNTNREDLLILWGIHHSNNAEEQTNLYKNPTTYISVGTSTLNQRLVPKIATRPQVNGQRGRMDFFWTILKPDDAXHXESNXNFIAPEYAYKIVKKGDS
EPI2017778,fish_eagle,Botswana,2021,LLSRINHFEKILIIPKSSWPNHETSLGVSAACPYQGAPSFFRNVVWLIKKNDAYPTIKISYNNTNREDLLILWGIHHSNNAEEQTNLYKNPTTYISVGTSTLNQRLVPKIATRSQVNGQRGRMDFFWTILKPDDAIHFESNGNFIAPEYAYKIVKKGDS
EPI2035782,Chicken,Ratri,2006,LLSRINHFEKIQIIPKDSWSDHEASSGVSSACPYLGSPSFFRNVVWLIKKNSTYPTIKKNYTNTNQEDLLVLWGIHHSNNEEEQTRLYQNPTTYISVGTSTLNQRLVPKIAIRPKVNGQSGRMDFFWTILKPNDTINFESNGNFIAPEYAYKIVKKGDS
EPI2035785,Common_Kestral,Hong_Kong,2007,LLSRINHFEKIQIIPKSSWSDHEASSGVSSACPYQGTPSFFRNVVWLIKKNNTYPTIKRSYNNTNQEDLLILWGIHHSNDAAEQTKLYQNPTTYISVGTSTLNQRLVPKIATRSKVNGQSGRMDFFWTILKPNDAINFESNENFIAPDNAYKIVRKGNS
EPI21062,duck,Guangdong,2000,LLSRINHFEKIQIIPKSSWSNHDASSGVSSACPYHGRSSFFRNVVWLIKKNSAYPTIKRSYNNTNQEDLLVLWGIHHPNDAAEQTKLYQNPTTYISVGTSTLNQRLVPEIATRPKVNGQSGRMEFFWTILKPNDAINFESNGNFIAPEHAYKIVKKGDS
EPI21066,duck,Guangxi,1999,LLSSTNHFEKIQIIPKNSWSNHDASSGVSSACPYHGRSSFFRNVVWLTKKNSAYPTIKRSYNNTNPEDLLILWGIHHPNDAAEQTKLYQNPTTYVSVGTSTLNQRLVPEIATRPKVNGQSGRMEFFWTILKPNDAINFESNGNFIAPEYAYKIVKKGDS
EPI2116742,India,SARI-4571,2021,LLSRINHFEKVRIIPKESWSEHEVSLGVSAACPYQGNPSFFRNVVWLIKKNNTYPTIKKSYNNTNQEDLLILWGIHHPNNEAEQTNLYQNPTTYISIGTSTLNQRLVPKIATRSKINGQSGRIDFFWTILNPNDAIHFESNGNFIAPEYAYKIVKKGDS
EPI2144291,Pacific_black_duck,Victoria,2017,LLSSTNHFEKIQIIPRSSWSNHEASAGVSSACPYNGRSSFFRNVVWLIKKNNAYPTIKRSYNNTNKEDLLVIWGIHHPNDAAEQTQLYQNPTTYVSVGTSTLNQRSIPEIATRPKVNGQSGRMEFFWTILKPYDTISFESNGNFIAPEYAYKIVKTGDS
EPI214889,chicken,Egypt,2009,LLSRINHFEKIQIFPKSSWSDHEASSGVSSACPYQGSSSFFRNVVWLVKKDNAYPTIKKSYNNTNQEDLLILWGIHHPNDAAEQTRLYQNPTTYISVGTSTLNQRLVPKIATRSKVNGQSGRIEFFWTILKSNDVINFESNGNFIAPENAYKIVKKGDS
EPI2198548,greylag_goose,Wales,2022,LLSRINHFEKILIIPKSSWPNHETSLGVSAACPYQGAPSFFRNVVWLIKKNDAYPTIKISYNNTNREDLLILWGIHHSNNAEEQTNLYKNPTTYISVGTSTLNQRLVPKIATRSQVNGQRGRMDFFWTILKPDDAIHFESNGNFIAPEYAYKIVKKGDS
EPI221986,environment,Hunan,2007,LLSRINHFEKIKIIPKSSWPNHEASLGVSSACSYLEKPSFFRNVVWLTKKNNTYPPIKVNYTNANQEDLLVLWGIHHPNSEAEQIMIYQNPTTYVSVGTSTLNQRLVPKIATRSKVNGQSGRMEFFWTILKPNDTINFDSNGNFIAPEYALQNCQERDS
EPI222018,environment,Hunan,2007,LLSRINHFEKIKIIPKSSWPNHEASLGVSSACSYLEKPSFFRNVVWLTKKNNTYPPIKVNYTNANQEDLLVLWGIHHPNNEAEQIMIYQNPTTYVSVGTSTLNQRLVPKIATRSKVNGQSGRMEFFWTILKPNDTINFDSNGNFIAPEYAYKIVKKGDS
EPI222476,pika,Qinghai,2007,LLSRINHFEKIQIIPKDSWSDHEATLGVSSACPYQGNSSFFRNVVWLIKKNNAYPTIKKSYNNTNQEDLLVLWGIHHPNDDAEQTKLYQNPTTYISIGTSTLNQRLVPKIATRSKVNGQSGRIDFFWTILKPNDAINFESNGNFIAPEYAYKIVKKGDS
EPI22627,goose,China,2004,LLSRINHFEKIQIIPKSSWSNHEASSGVSSACPYNGKPSFFRNVVWLIKKNSAYPTIKRSXNNTNHEDLLVLWGIHHPNDAAEQTKLYQNPTTYIXXGTSTLNLRLVPKIATRSKVNGQSGRIEFFWTILKPNDAINFESNGNFIAPEYAYKIVKKGDS
EPI226839,Thailand,NKFEHA,2005,LLSRINHFEKIADHPPKVAWSSHEAYIRGESACPYQGKSSFFRNVVWLIKKNSTYPTIKRSYNNTNQEDLLVLWGIHHPNDAAEQTKLYQNPTTYISVGTSTLNQRLVPRIATRSKVNGQSGRMEFFWTILKPNDAINFESNGNFIAPEYAYKIVKKGDS
EPI226841,Thailand,NKNPHA,2005,LLSRINHFEKIQIIPKSSWSSHEASLGVSSACPYQGKSSFFRNVVWLIKKNSTYPTIKRSYNNTNQEDLLVLWGIHHPNDAAEQTRLYQNPTTYISVGTSTLNQRLVPRIATRSKVNGQSGRMEFFWTILKPNDAINFESNGNFIAPEYAYKICQERGL
EPI226845,Thailand,RPNPHA,2005,LLSRINHFEKIQIIPKSSWSSHEASLGVSSACPYQGKSSFFRNVVWLIKKNSTYPTIKRSYNNTNQEDLLVLWGIHHPNDAAEQTKLYQNPTTYISVGTSTLNQRLVPRIATRSKVNGQSGRMEFFWTILKPNDAINFESNGNFIAPEYAYKIVKKGDS
EPI22793,Ck,HK,2002,LLSGINHFDKIHIIPKSSWSNHEASSWVSSACPYQGKSSFFRNVVWLIKKNSSYPTIKRSYDNTNQEDLLVLWGIHHPNDAAEQTRFYQNPTTYIGVGTSTLNQRLVPKIATTSKVDGQSGRMEFFWTILKPNDAINFESNGNFIAPEYAYKIVKKGDS
EPI2300436,whooper_swan,England,2022,LLSRINHFEKILIIPKSSWPNHETSLGVSAACPYQGAPSFFRNVVWLIKKNDAYPTIKISYNNTNREDLLILWGIHHSNNAEEQTNLYKNPTTYISVGTSTLNQRLVPKIATRSQVNGQRGRMDFFWTILKPDDAIHFESNGNFIAPEYAYKIVKKGDS
EPI234494,green_peafowl,Thailand,2005,LLSRINHFEKIQIIPKSSWSSHEASLGVSSACPYQGKSSFFRNVVWLIKKNSTYPTIKRSYNNTNQEDLLVLWGIHHPKDAAEQTKLYQNPTTYISVGTSTLNQRLVPRIATRSKVNGQSGRMEFFWTILKPNDAINFESNGNFIAPEYAYKIVKKGDS
EPI234497,Pigeon,Indonesia,2006,LLSRINHFEKIQIIPKSSWSDHEASSGVSSACPYLGSPSFFRNVVWLIKKNSTYPTIKKSYNNTNQEDLLVLWGIHHPNDAAEQTRLYQNPTTYISIGTSTLNQRLVPKIATRSKVNGQSGRMEFFWTILKPNDAINFESNGNFIAPEYAYKIVKKGDS
EPI235072,chicken,Jilin,2003,LLSRINHFEKIQIIPKSSWSNHEASSGVSSACPYQGRSSFFRNVVWLIKKNSAYPTIKRSYNNTNQEDLLVLWGIHHPNDAAEQTKLYQNPTTYISVGTSTLNQRLVPKIATRSKVNGQSGRMEFFWTILKPNDAINFESNGNFIAPEYAYKIVKKGDS
EPI235171,goose,Fujian,2003,LLSRINHFEKIQIIPKSSWPNHEASLGVSSACPYQGKSSFFRNVVWLIKKNNAYPTIKKSYNNTNQEDLLVLWGIHHPNDAAEQIKLYQNPNTYISVGTSTLNQRLVPKIATRSKVNGQSGRMEFFWTILKPNDAINFESNGNFIAPEYAYKIVKKGDS
EPI235902,duck,Zhejiang,2002,LSSILNHFEGIQIIRKSSWSNHEASSGVSSACPYLGKSSFFSNVVWLIKKNSAYPTIKRSYNNTNQEDLMVLWGIHHPNDAAEQTKLYQNPTTYISVGTSTLNQRLVPKIATRSKVNGQSGRMEFFWTILKPNDAINFESNGNFIAPEYAYKIVKKGDS
EPI239055,avian,Italy,1997,LLSRTNHFEKIQIIPRSSWSNHDASSGVSSACPYIGRSSFFRNVVWLIKKNNAYPTIKRSYNNTNQEDLLVLWGIHHPNDAAEQTKLYQNPTTYVSVGTSTLNQRSVPEIATRPKVNGQSGRMEFFWTILKPNDVINFESNGNFIAPEYAYKIVKKGDS
EPI2419700,Cambodia,NPH230032,2023,LLSRINHFEKIQIIPKNSWSDHEASLGVSATCSYQGNSSFFRNVVWLIKKNNAYPTIKKDYNNTNREDLLILWGIHHPNDEAEQTRLYQNPTTYISIGTSTLNQRLVPRIATRPKINGQSGRIDFFWTILKPNDAIHFESNGNFIAPEYAYKIIKKGDS
EPI242227,chicken,Scotland,1959,LLSSTNHFEKIRIIPRSSWSNHDASSGVSSACPYIGRSSFFRNVVWLIKKDNAYPTIKRSYNNTNQEDLLILWGIHHPNDAAEQTKLYQNPTTYVSVGTSTLNQRSIPEIATRPKVNGQSGRMEFFWTILKPNDAINFESNGNFIAPEYAYKIVKKGDS
EPI2429052,snow_goose,BC,2022,MLSRINHFEKILIIPKSSWPNHETSLGVSAACPYQGAPSFFRNVVWLIKKNDAYPTIKISYNNTNREDLLILWGIHHSNNAEEQTNLYKNPTTYISVGTSTLNQRLAPKIATRSQVNGQRGRMDFFWTILKPDDAIHFESNGNXIAPXYAYKIVKKGDS
EPI243001,R(turkey,Ontario,42),LMSSTNHIEKIRIIPRNSWSEHNASSGVSSSCPYNGRSSFYRNVVWLIKKNNSYPTIKRTYNNTNVEDLLILWGIHHPADAAEQTRLYKNSNTYVSVGTSTLNQRSIPEIATRPKVNGQNGRIEFFWTILRPNHAISFESNGNFIAPEYAYKIVKKGDS
EPI2437377,Red_fox,Scotland,2023,LLSRINHFEKILIIPKSSWPNHETSLGVSAACPYQGAPSFFRNVVWLIKKNDAYPTIKISYNNTNREDLLILWGIHHSNNAEEQTNLYKNPTTYISVGTSTLNQRLVPKIATRSQVNGQRGRMDFFWTILKPDDAIHFESNGNFIAPEYAYKIVKKGDS
EPI2437547,Greylag_Goose,England,2022,LLSRINHFEKILIIPKSSWPNHETSLGVSAACPYQGAPSFFRNVVWLIKKNDAYPTIKISYNNTNREDLLILWGIHHSNNAEEQTNLYKNPTTYISVGTSTLNQRLVPKIATRSQVNGQRGRMDFFWTILKPDDAIHFESNGNFIAPEYAYKIVKKGDS
EPI2467482,duck,Bangladesh,2021,LLSRINHFEKARIIPKDSWSDLEASMGVSAACPYQGNSSFFRNVVWLIKKNNSYPAIKKRYNNTKQEDLLLLWGIHHPNDEAEQAKLYQNPTTYISIGTSTLNQRLIPRIATRSKINGQSGRINFFWTILKPNDAIHFESNGNFIAPEYAYKIVKKGDS
EPI25011,chicken,Guangdong,04,LLSRINHFEKIQIIPKSSWPDHEASSGVSSACPYQGNSSFFRNVIWLIKKNDAYPTIKRSYNNTNQEDLLVLWGIHHPNDAAEQTRLYQNPTTYISVGTSTLNQRLAPKIATRSKVNGQSGRMDFFWTILKPNDAINFESNGNFIAPEYAYKIVKKGDS
EPI25072,blackbird,Hunan,2004,LLSRINHFEKIQIIPKSSWSDHEASSGVSSACPYQGNPSFFRNVVWLIKKNSAYPTIKRSYNNTNQADLLVLWGIHHPNDAAEQTKLYQNPTTYISVGTSTLNQRLVPKIATRSKVNGQSGRMEFFWTILKPNDAINFESNGNFIAPEYAYKIVKKGDS
EPI25076,tree_sparrow,Henan,2004,LLSRINHFEKIQIIPKSSWSDHEASSGVSSACPYLGKPSFFRNVVWLIKKNSTYPTIKRGYNNTNPEDLLVLWGIHHPNDAAEQIKLYQNPTTYISVGTSTLNQRLVPKIATRSKVNGQSGRMEFFWTILKPNDAINFESNGNFIAPEYAYQIVKKGDS
EPI254385,chicken,Vietnam,2008,LLNRITHLKKIKIIPKSYWSNHEASSGVSAACSYLGEPSFFRNVVWLIKKNNTYPPIKVNYTNTNQEDLLVLWGIHHPNNEAEQIQIYQNLITHISVGTSTLNQRLIPKIATRSKVNGQSGRMEFFWTILKPNDSINFDSNGNFIAPEYAYIVKKGDS
EPI257053,chicken,Egypt,2010,LLSRINRFEKIQIIPKSSWSNHEASLGVSSACPYHGRPSFYRNVVWLIKKNNTYPTIKESYHNTNQEDLLVLWGIHHPNDEEEQKRIYKNPTTYISVGTSTLNQRLVPKIATRPKVNGQSGRVEFFWTILKSNDTINFESNGNFIAPKNAYKIVKKGSS
EPI257054,chicken,Egypt,2008,LSSTINRPEKIHIIPKSPWPDHEASSRVSAACPYQGGPSFYRNVVWLIKKNNTYPTIEKSYHNTNQEDLLVLWGIHHPNDEAEQTRIYKNPTTYISVGTSTLNQRLVPKIATRSKVNGQSGRVEFFWTILKSNDTINFESNGNFIAPENAYKIVKKGDS
EPI257055,chicken,Egypt,2008,LLSRINRFEKIQIIPKSSWSNHEASLGVSAACPYHGRTSFYRNVVWLIKKNNTYPTIEKSYHNTNQEDLLVLWGIHHPNDEAEQTRIYKNPTTYIPVGTSTLNQRLVPKIATRSKVNGQSGRVEFFWTILKTNDTITFESNGNFIAPENAYKIVKKGDS
EPI257056,chicken,Egypt,2008,LLSRINRFEKIQIIPKSSWPDHEASLGVSAACPYQGGPSFYRNVVWLIKKNNTYPTIEKSYHNTNQEDLLVLWGIHHTNDAAEQTRIYKNPTTYISVGTSTLNQRLVPKIATRSKVNGQSGRVEFLWTILKSNDTINFESNGNFIAPEYAYKIVKKGDS
EPI257058,chicken,Egypt,2008,LLSRINRFEKIQIIPKSSWPDHEASLGVSSACQYQGGPSFYRNVVWLIKKDNAYPTIKKSYHNTNQEDLLVLWGIHHPNDKEEQTRLYQNPTTYISVGTSTLNQRLVPKIATRSKVNGQSGRVEFFWTILNPNDAINFESNGNFIAPEYAYKIVKKGDS
EPI257059,chicken,Egypt,2008,LLSRINRFEKIQIIPKSSWSNHEASLGVSAACSYQGRTSFYRNVVWLIKKNNTYPTIKRSYNNTNQEDLLVLWGVHHPNDAAEQTKLYKNPTTYISVGTSTLNQRLVPKIATRSKVNGQSGRVEFFWTILKSNDTINFESNGNFIAPENAYKIVKKGDS
EPI2573872,duck,SouthKalimantan,2023,LLSRINHFEKILIIPKNSWPNHETSLGVSAACPYRGAPSFFRNLVWLIKKNDAYPTIKISYNNTNREDLLILWGIHHSNNAEEQTNLYKNPTTYISVGTSILNQRLVPKIATRSQVNGQRGRMDFFWTILKPNDAIHFESNGNFIAPEYAYKIVKKGDS
EPI2574086,Black-Headed_Gull,England,2023,LLSRINHFEKILIIPKSSWPNHETSLGVSAACPYQGAPSFFRNVVWLIKKNDAYPTIKISYNNTNREDLLILWGIHHSNNAEEQTNLYKNPTTYISVGTSTLNQRLVPKIATRSQVNGQRGRMDFFWTILKPDDAIHFESNGNFIAPEYAYKIVKKGDS
EPI2580054,duck,Bali,2012,LLSRINHFEKIQIIPKDSWSDHEASLGVSAACSYQGNSSFFRNVVWLIKKDNAYPTIKKGYNNTNREDLLILWGIHHPNNEAEQTRLYQNPTTYISIGTSTLNQRLVPKIATRSKINGQSGRIDFFWTILKPNDAIHFESNGNFIAPEYAYKIVKKGDS
EPI2580066,chicken,South_Sulawesi,2013,LLSRINHFEKIQIIPKSSWSNHEASSGVSSACPYLGSPSFFRNVVWLIKKNSTYPTIKKTYNNTNQEDLLILWGIHHPKYEAEQTMSYQNPTTYISIGTSTLNQRWVPKIATRSKVNGQSGRMEFFWTILKPNDAINFESNGNFIAPEYAYKIVKKGDS
EPI2580084,environment,Jakarta,2012,LLSRINHFEKIQIIPKSSWSDHEASAGVSSACPYLGSPSFFRNVVWLIKKNSTYPTIKKTYNNTNQEDLLILWGIHHPNNEAEQTMLYQNPTTYISIGTSTLNQRLVPKIATRSKVNGQSGRMEFFWTILKPNDAINFESNGNFIAPEYAYKIVKKGDS
EPI2580091,environment,Banten,2013,LLSRINHFEKIQIIPKDSWSDHATSLGVSAACSYQGNSSFFRNVGWLIKKDNAYPTIKKGYNNTNRKDLLILWGVHHPNDEAEQTRLYQNPTTYISIGTSTLNQRLVPKIATRSQINGQRGRIDFFWTILKPNDAIHFESNGNFIAPEYAYKIVKKGDS
EPI2580092,environment,Jakarta,2013,LLSTINHFEKIQIIPKSYWSDHEASSGVSSACPYLGSPSFFRNVVWLIKKNSTYPTIKKTYNNTNQEDLLILWGIHHPNNEAEQTMLYQNPTTHISIGTLTLNQRLVPKIDNRSKVNGQSGRMEFFWTILKPNDAINFESNGNFIAPEYAYKVVKKGDS
EPI2580113,environment,West_Java,2013,LLSRINHFEKIQIIPKSSWSDHEASSGVSSACPYQGNSSFFRNVVWLIKKDSTYPTIKKTYNNTNQEDLLILWGIHHPNNEAEQTRLYQNPTTYFSVGSSTLNQRLVPKIATRSKINGQSGRIDFFWTILKPNDAIHFESNGNFIAPEYAYKIVKKGDS
EPI2580115,environment,East_Java,2013,LLSRINHFEKIQIIPKSSWSDHEASSGVSSSCPYLGSPSFFRNKVWVIKKNSKGPPIKKTYNNTTQEDLLMLWGIHHPNNEAEQTMLYQNPTTYISIGTSTLNQRLVPKIATRSKVNGQSGRMEFFWTILKPNDAINFESNGNFIAPEYAYKIVKKGDS
EPI2580134,chicken,Egypt,2010,LLSRINRFEKIQIIPKSSWPDHEASLGVSSACPYQGGPSFYRNVVWLIKKNNTYPTIKESYNNTNPEDLLVLWGIHHPNNEAEQTRLYKNSNTYISVGTSTLNQRLVPKIATRSKVNGQSGRVEFFWTILKSNDAINFESNGNFIAPENAYKIVKKGDS
EPI2580187,common_teal,Shanghai,2013,LLSSTNHFEKIQIIPRSSWSNHDASSGVSSACPYNGRSSFFRNVVWLIKKNNAYPTIKRSYNNTNQEDLLVLWGIHHPNDATEQTKLYQNPTTYVSVGTSTLNQRLVPKIATRSQVNGQRGRMDFFWTILKPNDAIHFESNGNFIAPEYAYKIVKKGDS
EPI2584443,common_cormorant,Qinghai,2008,LLSRINHFEKIQIIPKSSWSNHDASSPVSSACPYHGRSSFFRNVVWLIKKNSTYPTLKRSYNNTNQEDLLVLWGIHHPNDAAEQTKLYQNPTTYISVGTSTLNQRLVPEIATRPKVNGQSGRMEFFWTILKPNDAINFESNGNFIAPEYAYKIVKERDS
EPI259006,great_crested-grebe,Qinghai,2009,LLSRINHFEKIQIIPKNSWSNHEASLGVSAACPYQGNSSFFRNVVWLIKKDNAYPTIKKGYNNTNQEDLLVLWGIHHPNDEAEQTRLYQNPTTYISIGTSTLNQRLVPKIATRSKINGQSGRIDFFWTILKPNDAIHFESNGNFIAPEYAYKIVKKGDS
EPI275758,chicken,Henan,2006,LLSRINHFEKIKIIPKSSWSNHEASLGVSSACSYLGKPSFFRNLVWLIKKNNTYPPIKVNYTNTNQEDLLVLWGIHHPNDETEQIKIYQNPTTYISVGTSTLNQRLVPKIATRSKVNGQSGRMEFFWTILKPNDAINFDSNGNFIAPEYAYKIVKKGDS
EPI275782,chicken,Hunan,2004,LLSRINHFEKIQIIPKSSWSNHEASSGVSSSCPYLGKPSFFRNVVWLIKKNSTYPTIKRSYNNTNQEDLLVLWGIHHPNDAAEQTKLYQNPTTYISVGTSTLNQRLVPKIATRSKVNGQSEGMEFFWTILKPNDAINFESNGNFIAPEYAYKIVKKGDS
EPI275790,chicken,Jiangsu,2008,LLSRINHFEKIKIIPKSFWSNHEASLGVSSACSYHGNPSFFRNVVWLTKKNNTYPPIKVNYTNANQEDLLVLWGIHHPNNEAEQIMIYQNLNTYISVGTSTLNQRLVPKIATRSKVNGQSGRMDFFWTILKPNDTINFDSNGNFIAPEYAYKIVKKGDS
EPI275822,chicken,Liaoning,2006,LLSRINHFEKIKIIPKSSWSNHEASSGVSSACSYHGEPSFFRNVVWLIKKNNTYPPIKRNYTNANQEDLLVLWGIHHPNDEAEQIKIYQNPTTYISVGTSTLNQKLVPKIATRSKVNGQSGRMEFFWTILKPNDTINFDSNGNFIAPEYAYKIVKRGDS
EPI275862,chicken,Shanxi,2006,LLSRINHLKKIKIIPKSYWSNHEASSGVSAACSYLGEPSFFRNVVWLIKKNNTYPPIKGTYTNTNQEDLLVLWGIHHPNDEAEQIKIYQNPTTYISVGTSTLNQRLVPKIATKSKVNGQSGRMEFFWTILKPNDSINFDSNGNFIAPEYAYKIVKKGDS
EPI275878,chicken,Tibet,2008,LLSRINHFEKIQIIPKNSWPDHDASSGVSSACPYQGTPSFFRNVVWLIKKNNTYPTINRSYNNTNQEDLLVLWGIHHPNDAAEQTKLYQNPTTYISVGTSTLNQRLAPKIATRSRVNGQSGRMDFYWTILKSNDAINFESNGNFIAPEYAYKIVKKGDS
EPI275974,duck,Guangdong,2004,LLSRINHFEKIQIIPKSSWSDHEASLGVSSACPYQGSSSFFRNVVWLIKKNNAYPTIKRSYNNTNQENLLVLWGIHHPNDEAEQTRLYQNPTTYISVGTSTLNQRLVPKIATRSKVNGQSGRIDFFWTILKPNDALNFESNGNFIAPEYAYKIVKKGDS
EPI275990,duck,Hunan,2007,LLSRINHFEKIQIIPKSSWSDHEASLGVSSACPYQGMPSFFRNVVWLIKKNNTYPTIKRSYNNTNQEDLLILWGIHHSNNAAEQTNLYQNPTTYISVGTSTLNQRLVPKIATRSKVNGQSGRMDFFWTILKPNDAINFESNGNFIAPEYAYKIVKKGDS
EPI2800361,chicken,Scotland,2023,LLSRINHFEKILIIPKSSWPNHETSLGVSAACPYQGAPSFFRNVVWLIKKNDAYPTIKISYNNTNREDLLILWGIHHSNNAEEQTNLYKNPTTYISVGTSTLNQRLVPKIATRSQVNGQRGRMDFFWTILKPDDAIHFESNGNFIAPEYAYKIVKKGDS
EPI2800377,Sparrowhawk,Scotland,2023,LLSRINHFEKILIIPKSSWPNHETSLGVSAACIXQGAPSFFRNVVWLIKKNDAYPXIKISXNNTNREDLLILWGIHHSNNAEEQTNLYKXPTTYISVGTSTLXQRLVPKIATRSQVXGQRGRMDFFWTILKPDDAXHFESNGNFIAPEYAYKIVKKGDS
EPI283783,chicken,Egypt,2010,LLSRINRFEKIQIISKNSWPDHEASLGVSAACPYQGGLSFYRNVVWLIEKNNTYPLIKKNYHNTNQEDLLVLWGIHHPNDEAEQTRLYKNPTTYISVGTSTLNQRLVPKIATRPKINGQSGRVEFFWTILKSNDVINFESNGNFIAPENAYKIVKKGDS
EPI283787,duck,Egypt,2010,LLSRINRFEKIKITPKSSCPNHEASLGVSSACPSKGRPSFYRNVVWLIKKNNTYPTIKKSYHNTNQEDLLVLWGIHHPNDEEEQTRIYKNPTTYISVGTSTLNQRLVPKIATRSKVNGQSGRVEFFWTILKSNDTINFESNGNFIAPENAYKIVKKGDS
EPI284432,chicken,Vietnam,2009,LLSRINHFEKIQIIPKSSWSDHEASLGVSSACPYQGTPSFFRNVVWLIKKNNTYPTIKRSYNNTNQEDLLILWGIHHSNDEAEQIKLYQNPTTYISVGTSTLNQRLVPKIATRSKVNGQSGRMDFFWTILKPDDAINFESNGNFIAPEYAYKIVKKGDS
EPI2856448,American_Crow,BC,2023,MLSRINHFEKILIIPKSSWPNHETSLGVSAACPYQGAPSFFRNVVWLIKKNDAYPTIKISYNNTNREDLLILWGIHHSNNAEEQTNLYKNPTTYISVGTSTLNQRLAPKXATXSQVXGQRGRMDXXWTXLKPDDAIHFESNGNFIAPEYAYKIVKKGDS
EPI287236,MDCK,Germany,2009_(H5N1),LLSRINHFEKIQIIPNSSWSDHEASSGVSSACPYQGKPSFFRNMVWLIEKNNAYPTIKISYNNTNQEDLLVLWGIHHPNDAAEQTRLYQNSATYISVETSTLNQRLVPKIATRSKVNGQSGRIEFFWTILKPNDAINFESNGNFIAPENAYKIVKKGDS
EPI3009059,chicken,Kota_Semarang,2022,LLSRINHFEKIQIIPKDSWSEHEASLGVSAACLYQGNSSFFRNVVWLIKKGNAYPTIKKSYNNTNREDLLILWGIHHPNDEAEQTKLYQNPSTYVSIGTSTLNLRLVPKIATRSKINGQSGRIDFFWTILKPNDAIHFESNGNFIAPEYAYKIVKKGDS
EPI3009174,Cambodia,NIPH-2402155,2024,LLSRINHFEKIQIIPKNSWSDHEASLGVSAXCSYQGNSSFFRNVVWLIKKNNAYPTIKKDYNNTNREDLLILWGIHHPNDEAEQTKLYQNPTTYISIGTSTLNQRLVPKIATRPKINGQSGRIDFFWTILKPNDAIHFESNGNFIAPEYAYKIVKKGDS
EPI310238,chicken,Egypt,2009,LLSRINHLKKIQIIPKSSWSDHEASSGVSSACPYQGRSSFFRNVVWLIKKNNAYPTIKKSYNNTNQEDLLVMWGIHHPNDAAEQTRLYHNPTTYISVGTSTLNQRLVPKIATRSKVNGQSGRMEFFWTILKPNDAINFESNGNFIAPENAYKIVKKGDS
EPI314033,duck,Vietnam,2010,LLSRINHFEKIQIIPKSSWPSHEASLGVSAACSYQGKSSFFRNVVWLIKKNSTYPTIKRSYNNTDQEDLLVMWGIHHPNDAAEQTKLYQNPTTYISVGTSTLNQRLTPRIATRSKVNGQSGRMEFFWTILKPNDAINFESNGNFIAPEYAYKIVKKGDS
EPI3158642,Red_Knot,Germany-SH,2024,LLSRINHFEKILIIPKSSWPNHETSLGVSAACSYQGAPSFFRNVVWLIKKNDAYPTIKISYNNTNREDLLILWGIHHSNNAXEQTNLYKNPTTYISVGTSTLNQRLVPKIATRSQVNGQRGRMDFFWTILKPDDAIHFESNGNFIAPEYAYKIVKXGDS
EPI3178330,Fox,Bavaria,2022,LVSSSGTLEFKNESFNWTGVKQNGTSSACKRGSSSSFFSRLNWLTHLNNIYPAQNVTMPNKEQFDKLYIWGVHHPDTDKNQISLFAQSSGRITVSTKRSQQAVIPNIGSRPRIRDIPSRISIYWTIVKPGDILLINSTGNLIAPRGYFKIRNGKS
EPI318210,chicken,Egypt,2009,LLSRINRFEKIQIIPKSSWPDHEASLGVSSACQYQGGPSFYRNVVWLIKKDNTYPTIKKSYHNTNKEDLLVLWGIHHPNNEEEQTKLYQNPTTYISVGTSTLNQRLVPKIATRSKVNGQSGRVEFFWTILKSNDAINFESNGNFIAPENAYKIVKKGDS
EPI321295,chicken,Bangli,2007,LLSRINHFEKIQIIPKSSWSDHEASSGVSSACPYLGTPSFFRNVVWLIKKNSTYPTIKRSYNNTNQEDLLVLWGIHHPNDAAEQTKLYQNPTTYISVGTSTLNQRLVPKIATRSKVNGQSGRMEFFWTILKPNDAINFESNGNFIAPEYAYKIVKKGDS
EPI321328,chicken,Indonesia,2007,LLSRIKHFEKIRIIPRSDWSDHETSGVSSACPYLGSPSFFRNVVWLTQKNSTYPIIKKSYKNTNQEDLLILWGIHHSNNVEEQTRLYQNLTTYISIGTSTLNQRSVPKIATRTKVHGQSGRMDFFWTILNPNDTIYFESNGNFIAPEYAYKIVKKGDS
EPI328886,duck,Eastern_China,2008,LLSRINHFEKIQIIPRSSWPDHEASSGVSSACPYQGTPSFFRNVVWLIKKNNTYPTIKRSYNNTNQEDLLILWGIHHSNNAAEQTKLYQNPTTYISVGTSTLNQRLVPKIATRSQVNGQRGRMDFFWTILKSNDAIHFESNGNFIAPEYAYKIVKKGDS
EPI331854,mallard,Maryland,2007,LMSSTNHFEKIQIIPRSSWSNHDASSGVSSACPYNGRSSFFRNVVWLIKKNNAYPTIKRTYNNTNVEDLLIIWGIHHPNDAAEQTKLYQNSNTYVSVGTSTLNQRSIPEIATRPKVNGQSGRMEFFWTILKSNDAISFESNGNFIAPEYAYKIVKKGDS
EPI335206,duck,Lao,2010,LLSRINHFEKIQIIPKSSWSDHEASSGVSSACPYQGTPSFFRNVVWLIKKNNTYPTIKRNYNNTNQEDLLVLWGIHHSNDATEQIKLYQNPTTYVSVGTSTLNQRLVPKIATRSKVNGQSGRMDFFWTILKSNDVINFESNGNFIAPEYAYKIVKKGDS
EPI340399,chicken,Bangladesh,2011,LLSRINHFEKIQIIPKSSWSDHEASSGVSSACPYQGRSSFFRNVVWLIKKNDAYPTIKISYNNTNQEDLLVLWGIHHPNDAAEQTKLYQNPTTYVSVGTSTLNLRLVPKIATRSKVNGQSGRMEFFWTILKPNDTINFESNGNFIAPENAYKIVKKGDS
EPI340788,chicken,Klaten,2010,LLSRINHFEKIQIIPKSYWSDHEASSGVSSACPYLGSPSFFRNVIWLIKKNSTYPTIKKSYSNTNQEDLLVLWGIHHPNNMAEQTMLYQNPTTYISIGTSTLNQRLAPKIATRSKVNGQSGRMEFFWTILKPNDTINFESNGNFIAPEYAYKIVKKGDS
EPI340796,chicken,Palu,2010,LLSRINHFEKIQIIPKSSWSDHEASSGVSSACPYLGSPSFFRNVVWIIKKNNTYPTIKKNYNNTNQEDLLVLWGIHHPNDEAEQTMLYQNPTTYVSVGTSTLNQRSVPKIATRSKVNGQSGRIEFFWTILKPNDAINFESNGNFIAPEYAYKIVKKGDS
EPI341364,Cambodia,V0606311,2011,LLSRINHFEKVQIIPKSSWPSHEASLGVSAACPYQGKSSFFRNVVWLIKKNSTYPTIKRSYNNTGQEDLLIMWGIHHPNDAAEQTKLYQNPTTYISVGTSTLNQRLTPRIATRSKVNGQNGRMEFFWTILKPNDAINFESNGNFIAPEYAYKIVKKGDS
EPI354429,great_black-headed_gull,Qinghai,2009,LLSRINHFEKIQIIPKDSWSDHEASLGVSAACPYQGNSSFFRNVVWLIKKDNAYPTIKKGYNNTNQEDLLVLWGIHHPNDEAEQTRLYQNPTTYISIGTSTLNQRLVPKIATRSKINGQSGKDSFFWTILKPNDAIHFESNGNFIAPEYAYKIVRKGDS
EPI355443,swan,Shanghai,2009,LLSRINHFEKIQIIPKDSWSDHEASLGVSAACPYQGTSSFFRNVVWLIKKDNAYPTIKKSYNNTNQEDLLVLWGIHHPNDEAEQTRLYQNPTTYISIGTSTLNQRLVPKIATRSKVNGQSGRIDFFWTILKPNDAINFESNGNFIAPEYAYKIVKKGDS
EPI356510,chicken,Jakarta,2007,LLSRIKHFEKIRIIPKSDWSDHEASLGVSSACPYLGSPSFFRNVVWLIKKNSTYPTIKKSYKNTNQEDLLVLWGIHHSNNVEEQTRLYQNPITYISIGTSTLNQRLVPKIATRSKVHGQSGRMDFFWTILNPNDTINFESNGNFIAPEYAYKIVKKGDS
EPI359214,Puerto_Rico,8-RGcH5-1,1934,LLSRINHFEKIQIIPKSSWSSHEASLGVSSACPYQGKSSFFRNVVWLIKKNSTYPTIKRSYNNTNQEDLLVLWGIHHPNDAAEQTKLYQNPTTYISVGTSTLNQRLVPRIATRSKVNGQSGRMEFFWTILKPNDAINFESNGNFIAPEYAYKIVKKGDS
EPI359864,baikal_teal,Korea,2011,LLSRINHFEKIQIIPKDSWSDHEASLGVSAACSYQGNSSFFRNVVWLIKKDNAYPTIKKGYNNTNQEDLLVLWGIHHPNDEAEQTRLYQNPTTYISIGTSTLNQRLVPKIATRSKINGQSGRIDFFWTILKPNDAIHFESNGNFIAPEYAYKIVKKGDS
EPI359867,chicken,Korea,2011,LLSRINHFEKIQIIPKDSWSEHEASLGVSAACSYQGNSSFFRNVVWLIKKDNAYPTIKKGYNNTNQEDLLVLWGIHHPNDEAEQTRLYQNPTTYISIGTSTLNQRLVPKIATRSKINGQSGRIDFFWTILKPNDAIHFESNGNFIAPEYAYKIVKKGDS
EPI359880,eurasian_eagle_owl,Korea,2011,LLSRINHFEKIQIIPKDSWSDHEASLGVSAACSYQGNSSFFRNVVWLIKKDNAYPTIKKGYNNTNQEDLLVLWGIHHPNDEAEQTRLYQNPTTYISIGTSTLNQRLVPKIATRSKINGQSGRIDFFWTILKPNDAIHFESNGNFIAPEYAYKIVKKGDS
EPI359882,eurasian_sparrowhawk,Korea,2011,LLSRINHFEKIQIIPKDSWSEHEASLGVSAACSYQGNSSFFRNVVWLIKKDNAYPTIKKGYNNTNQEDLLVLWGIHHPNDEAEQTRLYQNPTTYISIGTSTLNQRLVPKIATRSKINGQSGRIDFFWTILKPNDAIHFESNGNFIAPEYAYKIVKKGDS
EPI369182,chicken,Egypt,2011,LLSRINRFEKIQIIPKNSWPDHEASLGVSSACPYQGELSFYKNVVWLIKKNNTYPTIKESYHNTNQEDLLVLWGIHHPNDEKEQKSIYKNPITYISVGTSTLNQRLVPKIATRPKVNGQSGRVEFFWTILKSNDTINFESNGNFIAPEYAYKIVKKGSS
EPI371190,duck,Quangngai,2011,LLSRINHFEKIQIIPKDSWSDHEASLGVSAACPYQGNSSFFRNVVWLIKKDNAYPTIKKGYNNTNQEDLLVLWGIHHPNDEAEQTKLYQNPPPYISIGTSTLNQRLVPKIATRSKLNGQSGRIDFFWTILKPNDASTFESNGNFIAPEYAYKIVKKGDS
EPI398310,chicken,Giza,2009,LLSRINRFEKIQITSKSSWPDHEASSGVSSACPYQGEPSFYRNVVWLIKKNNTYPTIKKSYHNTNQEDLLVLWGIHHSNNEEEQIRLYQNQNTYISVGTSTLNQRLVPKIATRSKVNGQSGRVEFFWTILKSNDTINFESNGNFIAPENAYKIVKKGDS
EPI398581,duck,Egypt,2012,LLSRINHFEKIQIIPKDSWSDHEASGVSSACPYQGRSSFFRNVVWLTKKNDAYPTIKKSYNNTNQEDLLVLWGIHHPNDAAEQTRLYQNPNPYISVGTSTLNQRLVPKIATRSKVNGQSGRMEFFWTILKSNDAINFESNGNFVAPENAYQIVKKGDS
EPI414084,barn_swallow,Hong_Kong,2010,LLSRINHFEKIRIIPKDSWPDHEASLGVSAACSYQGNSSFFRNVVWLLKKDNAYPIIKKSYNNTNKEDLLVLWGIHHPNDEAEQTRLYQNPTTYVSIGTSTLNQRLVPRIATRSKVNGQSGRIDFFWTILKPNDAINFESNGNFIAPEYAYKIVKKGDS
EPI420386,Guizhou,1,2013,LLSRINHFEKIQIIPKSSWTDHEASLGVSAACPYLGTPSFFRNVVWLIKKNNTYPTIKISYNNTNQEDLLILWGIHHSNDETEQIKLYQNPITYVSVGTSTLNQRLVPKIANRSKVNGQSGRMDFFWTILKPDDAINFESNGNFIAPEYAYKVVKKGDS
EPI448231,chicken,Bangladesh,2011,LLSRINHFEKIQIIPKSSWSDHEASLGVSSACPYLGTPSFFRNVVWLIKKNNTYPTIKRSYNNTNQEDLLILWGIHHPNNEAEQIQLYQNPTTYISVGTSTLNQRLVPKIATRSKVNGQSGRMDFFWTILKPDDAINFESNGNFIAPEYAYKIVKKGDS
EPI454493,environment,Hangzhou,2013(H5N1),LLSRINHFEKIQIIPKKSWSNHNASAGVSAACSYQGNLSFFRNVVWLIKKNNTYPTIKKDYNNTNREDLLILWGIHHPNDEAEQKKLYQNPNTYISIGTSTLNQRLVPKIATRSKINGQSGRIDFFWTILKPNDAIHFESNGNFIAPEYAYKIVKKGDS
EPI467792,European_teal,Novosibirsk,2011,LLSSTNHFEKIQIIPRSSWSNHDASSGVSSACSYNGRSSFFRNVVWLIKKNNAYPTIKRSYNNTNQEDLLVLWGIHHPNDAAEQTKLYQNPTTYVSVGTSTLNQRSVPEIATRPKVNGQSGRMEFFWTILKPNDAINFESNGNFIAPEYAYKIVKKGDS
EPI471131,muscovy_duck,Vietnam,2013,LLSRINHFEKIQIIPKSSWSDHEASSGVSSACPYQGVPSFFRNVVWLIKKNHTYPTIKRSYNNTNQEDLLILWGIHHSNDAAEQTKLYQNPTTYISVGTSTLNQRLVPTIATRSKVNGQSGRMDFFWTILKPNDAINFESNGNFIAPEYAYKIVKKGDS
EPI475563,wild_duck,Shandong,2011,LLSRIKHFEKIKIIPKSHWSNHNTSLGVSSACSYLENPSFFRNVVWLTKKNNTYPPIKVNYTNANQKDLLVLWGIHHPNNEAEQKMIYQNLNTYVSVGTSTLNQRLVPKIATRSKVNGQSGRIDFFWTILKPNDTINFDSNGNFIAPKYAYKIVKKGDS
EPI476972,chicken,Shandong,2010,LLSRINHFEKIQIFSKNSWPDHETSLGVSAACPYQGKSSFFRNVVWLIKKNNAYPTIKSSYNNTNPEDLLILWGIHHSNDEAEQTNLYQNPNTYISIGTSTLNQRLVPKIATRSKVNGQGGRMDFFWTILKPNDAINFQSNGKFLASKYAYKNVRKGEF
EPI4795,duck,Minnesota,81,LMSSTNHFEKIQIIPRSSWSNHDASSGVSSACPYNGRSSFFRNVVWLIKKNNAYPTIKRTYNNTNMEDLLILWGIHHPNDAAEQTKLYQNSNTYVSVGTSTLNQRSIPEIATRPKVNGQSGRMEFFWTILRPNDAISFESNGNFIAPEYAYKIVKKGDS
EPI4801,gull,Pennsylvania,83,LMSSTNHFEKIQIIPRSSWSNHDASSGVSSACPYNGRSSFFRNVVWLIKKGNAYPTIKRTYNNTNVEDLLILWGIHHPNDAAEQTNFYQNSNTYVSVGTSTLNQRSIPEIATRPKVNGQSGRMEFFWTILKPNDAISFESNGNFIAPEYAYKIVKKGDS
EPI492324,duck,Eastern_China,2007,LLSRINHFEKIQIFPKSSWSDHEASLGVSAACPYQGMPSFYRNVVWLIKKNNTYPTIKSSYNNTNQEDLLILWGIHHSNDEAEQTKLYQDSNTYISVGTSTLNQRLVPKIATRSKVNGQSGRMDFFWTILKPNDAINFESNGNFIAPEYAYKIVKKGDS
EPI533388,chicken,Central_Java,2010,LLSRINHFEKIQIIPKSSWSDHEASSGVSSACPYLGSPSFFRNVVWLIKKNSTYPTIKETYHNTNQEDLLILWGIHHPNNEAEQTMLYQNPTTYISIGTSTLNQRLVPKIATRSKVNGQSGRMEFFWTILKPNDAINFESYGNFIAPEYAYKIVKKGDS
EPI533427,chicken,West_Java,2011,LLSRINHFEKIKIIPKSSWSDHEASSGVSAACPYLGSPSFFRNVVWLIKKNSTYPTIKKTYKNTNQEDLLILWGIHHPNNEAEQTMLYQNPTTYISVGTSTLNQRLVPKIATRSKVNGQRGRMEFFWTILKPNDAINFESNGNFIAPEYAYKIVKRGDS
EPI533432,chicken,West_Java,2010,LLSRINHFEKIRIIPKSYWSDHEASGVSSACSYLGSPSFFRNVVWLTKKNSTYPKIKKTYNNTNQEDILILWGIHHPNNEAEQAMLYQNPTTYISIGTSTLNQRLVPKIATRSKVNGQSGRMEFFWTILKPNDAINFESNGNFIAPEYAYKIVKKGDS
EPI537677,Environment,West_Java,2013,LLSRINHFEKIQIIPKSSWSDHEASLGVSSACPYLGSSSFFRNVVWLIKKNGTYPTIKKTYNNTNQEDLLILWGIHHPNNEAEQTMLYQNPTTYISIGTSTLNQRLVPKIATRSKVNGQSGRMEFFWTILKPNDAINFESNGNFIAPEYAYKIVKKGDS
EPI559078,duck,Vietnam,2012,LLSRINHFEKIRIIPKDSWPDHEASLGVSAACSYQGNSSFFRNVVWLLKKDDAYPIIKKSYNNTNKEDLLVLWGIHHPNDEAEQMKLYQNPTTYVSIGTSTLNQRLVPRIATRSKVNGQSGRIDFFWTILKPNDAINFESNGNFIAPEYAYKIVKKGDS
EPI559098,chicken,Vietnam,2008,LLSRINHLKKIKIIPKSYWSNHEASSGVSAACSYLGEPSFFRNVVWLIKKNNTYPPIKVNYTNTNQEDLLVLWGIHHPNDEKEQIRIYQNPNTSISVGTSTLNQRLVPKIATRPKVNGQSGRMEFFWTILKPNDSINFDSNGNFIAPEYAYKIAKKGDS
EPI559109,muscovy_duck,Vietnam,2013,LLSRINHFEKIQIIPKSSWPSHEASLGVSAACPYQGNPSFFRNVVWLIKKNSTYPTIKRSYNNTNQEDLLVMWGIHHPNDAEEQTKLYQNPITYISVGTSTLNQRLTPRIATRSKVNGQSGRMEFFWTILKPNDAINFESNGNFIAPEYAYKIVKKGDS
EPI589108,environment,Cambodia,2013,LLSRINHFEKIQIIPKSSWPSHEASLGVSAACPYQGQSSFFRNVVWLIKKNNTYPTIKRSYNNTNQEDLLVMWGIHHPNDAAEQTKLYQNPTTYISVGTSTLNQRLTPRIATRSKVNGQSGRMEFFWTILKPNDAINFESNGNFIAPEYAYKIVKKGDS
EPI593757,chicken,Shanxi,2012,LLSRINHFEKIQIFSNNSWPDHESSLGVSAACPYQGMSSFFRNVVWLIRKKNNTYPTIKRNYSNTNKEDLLILWGIHHSNNEAEQKDLYQNSNTYISVGTSTLNQRLVPKIATRSKVNGQSGRMDFFWTILKPNDTINFESNGNFIAPEYAYKIVKKGDS
EPI597820,chicken,Egypt,2014,LLSRINHFEKIQIDSQNSWSDHEAPSGVSSACPYQGGSSFFRNVVWLTKKNDAYLTIKKSYNNTNQEDLLVLWGIHHPNDAAEQTRLYQNPTTYISVGTSTLNQRLVPKIATRSKVNGQSGRMEFFWTILKSNDAINFESNGNFIAPENAYKIVKKGDS
EPI597824,chicken,Egypt,2014,LLSRINHFEKIQIIPKDSWSDHEASSGVSSACPYQGRSSFFRNVVWLTKKNDAYPTIKKSYNNTNQEDLLVLWGIHHPNDAAEQTKLYQNPTTYISVGTSTLNQRLVPKIATRSKVNGQSGRMEFFWTILKSNDAINFESNGNFIAPENAYKIVKKGDS
EPI600770,chicken,Egypt,2014,LLSRINRFEKIQIIPKNSWPDHEASLGVSSACPYQGKPSFYRNVVWLIKKNTTYPTIKESYHNTNQEDLLVLWGIHHPNDDAEQTRIYKNPTTYISVGTSTLNQRLVPKIATRSKVNGQSGRVEFFWTILKSNDTINFESNGNFIAPENAYKIVKKGDS
EPI653115,pigeon,Hubei,2012,LLSRINHFEKIQIFSKSSWPDHETSLGVSAACPYQGVSSFFRNVVWLIKKNNTYPTIKSSYNNTNTEDLLILWGIHHSNNEAEQTDLYQNSKTYVSVGTSTLNQRLVPKIATRSKVNGQSGRMDFFWTILKPNDAINFESNGNFIAPKYAYKIVKKGDS
EPI658567,duck,Hubei,2015(H5N1),LLSRINHFEKIQIIPKGSWSDHEASMGVSAACSYQGNSSFFRNVVWLIKKNDTYPTIKKDYNNTNREDLLVLWGIHHPNDKAEQIKLYQNPTTYISIGTSTLNQRLVPKIATRSKINRQSGRIDFFWTILKPNDAIHFESNGNFIAPEYAYKIVKKGDS
EPI675773,duck,Guangxi,203,LLSRINHFEKIRIIPKDSWPYHEASLGVSAACSYQGNSSFFRNVVWLLKKDDAYPIITKSYNNTNKEDLLVLWGIHHPNDEAEQIRLYKNPTTYVSIGTSTLNQRLVPRIATRSRVNGQRGRIDFFWTILKPNDAINFESNGNFIAPEYAYKIVKKGDS
EPI687187,chicken,Scotland,2016,LLSSTNHFEKIRIIPRDSWXNHDASLGVSSACPYYDGRSSFFRNVVWLTKKSNAYPTIKRSYNNTNQEDLLVLWGIHHPNDAAEQTKLYQNPTTYVSVGTSTLNRRSAPEIATRPKVNGQSGRMEFFWTILKPNDAINFESNGNFIAPEYAYKIVKKGDS
EPI764389,duck,China,2012,LLSRINHFEKIQIIPKNSWSDHEASLGVSAACPYQGNSSFFRNVVWLIKKDNAYPTIKKGYNNTNQEDLLVLWGIHHPNDEAEQTRLYQNPTTYISIGTSTLNQRLVPKIATRSKINGQSGRIDFFWTILKLNDAIHFESNGNFIVPEYAYKIVKKGDS
EPI808932,chicken,Egypt,2015,LLSRINHFEKIQIIPKDSWSDHETSGVSSACSYQGRSSFFRNVVWLTKKNDAYPTIKKSYNNTNQEDLLVLWGIHHPNDAAEQTRLYQNPTTYISVGTSTLNQRLVPKIATRSKVNGQSGRMEFFWTILKSNDAINFESNGNFIAPENAYKIVKKGDS
EPI839728,chicken,France,2015,LLSSTNHFEKIQIIPRNSWSNHDASSGVSSACLYIGRSSFFRNVVWLTKKNNAYPTIKRNYNNTNQEDLLVLWGIHHPNDAAEQTKLYQNPTTYVSVGTSTLNQRSVPEIATRPKVNGQSGRMEFFWTILKPNDAINFESNGNFIAPEYAYKIVKKGDS
EPI893474,turkey,Missouri,2016,LMSSTNHFEKIQIIPRSSWSNHDASSGVSSACPFIGRPSFFRNVVWLIKKNNAYPTIKRTYNNTNVEDLLVIWGIHHPNNAAEQTQLYQNSNTYVSVGTSTLNQRSIPEIATRPKVNGQSGRMEFFWTILKSKDTISFESNGNFIAPEYAYKIVKKGDS
EPI940674,chicken,Nigeria,2015,LLSRINHFEKIQIIPKDSWSDHEASLGVSAACSYQGNSSFFRNVVWLIKKDNAYPTIKKGYNNTNREDLLILWGIHHPNDEAEQTKLYQNPTTYISIGTSTLNQRLVPKIATRPKINGQSGRIDFFWTILKTNDAIHFESNGNFIAPEYAYKIVKKGDS
EPI9640,Duck,Anyang,2001,LLSRINHFEKIQIIPKSSWSNHEASSGVSSACPYNGKSSFFRNVIWLIKKNSAYPTIKRSYNNTNQEDLLILWGIHHPNDAAEQTKLYQNPTTYISVGTSTLNQRLVPKIATRSKVNGQSGRMEFFWTILKPNDTINFESNGNFIAPEYAYKIVKKGDS
EPI97199,Chicken,Yunnan,05,LLSRINHFEKIQIIPKSSWPDHEASSGVSAACPYQGKSSFFRNVVWLIKKNNTYPTIKISYNNTNQEDLLVLWGIHHPNDGAEQTRLYQNPTTYISVGTSTLNQRLVPKIATRSKVNGQSGRMEFFWTILKPNDAINFESNGNFIAPEYAYKIVKKGDS
